{
  "split": "standard (grouped)",
  "with_study": {
    "accuracy": 0.7880138009725882,
    "balanced_accuracy": 0.8069068610883782,
    "macro_f1": 0.7083522677319048,
    "weighted_f1": 0.8031717501414317,
    "cohen_kappa": 0.5533536657091975,
    "macro_auc_ovr": 0.9234205111136647,
    "per_class": {
      "antagonistic": {
        "precision": 0.5310077519379846,
        "recall": 0.8402803855301039,
        "f1": 0.6507682613542727,
        "support": 7989.0
      },
      "additive": {
        "precision": 0.9480937466249055,
        "recall": 0.7782959482223601,
        "f1": 0.8548446781575616,
        "support": 56395.0
      },
      "synergistic": {
        "precision": 0.5045296641918126,
        "recall": 0.8021442495126706,
        "f1": 0.6194438636838804,
        "support": 9234.0
      }
    },
    "confusion_matrix": [
      [
        6713,
        1039,
        237
      ],
      [
        5466,
        43892,
        7037
      ],
      [
        463,
        1364,
        7407
      ]
    ]
  },
  "no_study": {
    "accuracy": 0.7876742101116575,
    "balanced_accuracy": 0.8061937658324236,
    "macro_f1": 0.7080305129096889,
    "weighted_f1": 0.8028673538150418,
    "cohen_kappa": 0.5525649016158218,
    "macro_auc_ovr": 0.9221419758569974,
    "per_class": {
      "antagonistic": {
        "precision": 0.5341153938233182,
        "recall": 0.8377769432970334,
        "f1": 0.6523391812865497,
        "support": 7989.0
      },
      "additive": {
        "precision": 0.9477549081013369,
        "recall": 0.7781186275379023,
        "f1": 0.8545999844200358,
        "support": 56395.0
      },
      "synergistic": {
        "precision": 0.5012849993236845,
        "recall": 0.8026857266623348,
        "f1": 0.6171523730224813,
        "support": 9234.0
      }
    },
    "confusion_matrix": [
      [
        6693,
        1064,
        232
      ],
      [
        5371,
        43882,
        7142
      ],
      [
        467,
        1355,
        7412
      ]
    ]
  },
  "delta_balanced_accuracy": -0.0007130952559545323,
  "delta_macro_f1": -0.0003217548222159694
}