{
  "lightgbm": {
    "accuracy": [
      0.7792102474938195,
      0.7848430411040778,
      0.7819071875537685
    ],
    "balanced_accuracy": [
      0.8012484119756402,
      0.8091858914883172,
      0.8053001075170488
    ],
    "macro_f1": [
      0.6990628554087477,
      0.706489704319841,
      0.7026326881189393
    ],
    "cohen_kappa": [
      0.539608852555187,
      0.550526262342397,
      0.5451224178926972
    ],
    "macro_auc_ovr": [
      0.9199917811369616,
      0.9241523035703147,
      0.9221193399558263
    ]
  },
  "logreg": {
    "accuracy": [
      0.6858536635062078,
      0.6924590453421717,
      0.6892413992954621
    ],
    "balanced_accuracy": [
      0.6287936819592023,
      0.6386546353700968,
      0.6333978057549207
    ],
    "macro_f1": [
      0.5550886702554011,
      0.5639055941178212,
      0.5593635471667242
    ],
    "cohen_kappa": [
      0.36742842800306347,
      0.37861853697319864,
      0.37286264557624066
    ],
    "macro_auc_ovr": [
      0.8178492486379818,
      0.8241850410967226,
      0.8210268647427125
    ]
  },
  "mcnemar": {
    "b_gbm_only_correct": 9941,
    "c_lr_only_correct": 3130,
    "chi2": 3548.014689006197,
    "p_value": 0.0
  }
}