{
  "split": "leave-drug-out (>=1 unseen drug in test)",
  "n_unseen_drugs": 512,
  "n_train": 540423,
  "n_val": 60046,
  "n_test": 139495,
  "metrics": {
    "accuracy": 0.7597835047851177,
    "balanced_accuracy": 0.6940401384659628,
    "macro_f1": 0.6309512616175438,
    "weighted_f1": 0.7782986916837955,
    "cohen_kappa": 0.4534904775042645,
    "macro_auc_ovr": 0.8547048082660679,
    "per_class": {
      "antagonistic": {
        "precision": 0.5019004180919803,
        "recall": 0.6958698372966208,
        "f1": 0.5831792210659968,
        "support": 15181.0
      },
      "additive": {
        "precision": 0.919269361597765,
        "recall": 0.7923494756578403,
        "f1": 0.8511037396832919,
        "support": 108803.0
      },
      "synergistic": {
        "precision": 0.3734695532311684,
        "recall": 0.5939011024434272,
        "f1": 0.4585708241033427,
        "support": 15511.0
      }
    },
    "confusion_matrix": [
      [
        10564,
        2936,
        1681
      ],
      [
        8820,
        86210,
        13773
      ],
      [
        1664,
        4635,
        9212
      ]
    ]
  }
}