{
  "split": "leave-cell-line-out",
  "n_unseen_cells": 43,
  "n_train": 559653,
  "n_val": 62183,
  "n_test": 118128,
  "metrics": {
    "accuracy": 0.7062254503589327,
    "balanced_accuracy": 0.4819123285473605,
    "macro_f1": 0.47029884380716486,
    "weighted_f1": 0.714877920910886,
    "cohen_kappa": 0.24342487406526248,
    "macro_auc_ovr": 0.7726044786908494,
    "per_class": {
      "antagonistic": {
        "precision": 0.24398220826792255,
        "recall": 0.19625381458486793,
        "f1": 0.21753076339884528,
        "support": 9503.0
      },
      "additive": {
        "precision": 0.8504155758039992,
        "recall": 0.8039970168289756,
        "f1": 0.8265551036735782,
        "support": 92519.0
      },
      "synergistic": {
        "precision": 0.31175320443189225,
        "recall": 0.4454861542282379,
        "f1": 0.36681066434907084,
        "support": 16106.0
      }
    },
    "confusion_matrix": [
      [
        1865,
        5221,
        2417
      ],
      [
        4711,
        74385,
        13423
      ],
      [
        1068,
        7863,
        7175
      ]
    ]
  }
}